LAD23CD,LAD23NM,LAD23NMW,ObjectId,2026_housing_price,2026_housing_price_ci_lower,2026_housing_price_ci_upper,2026_housing_price_feature_importance,2026_housing_affordability,2026_housing_affordability_ci_lower,2026_housing_affordability_ci_upper,2026_housing_affordability_feature_importance,2026_net_additional_dwellings,2026_net_additional_dwellings_ci_lower,2026_net_additional_dwellings_ci_upper,2026_net_additional_dwellings_feature_importance,2027_housing_price,2027_housing_price_ci_lower,2027_housing_price_ci_upper,2027_housing_price_feature_importance,2027_housing_affordability,2027_housing_affordability_ci_lower,2027_housing_affordability_ci_upper,2027_housing_affordability_feature_importance,2027_net_additional_dwellings,2027_net_additional_dwellings_ci_lower,2027_net_additional_dwellings_ci_upper,2027_net_additional_dwellings_feature_importance,2028_housing_price,2028_housing_price_ci_lower,2028_housing_price_ci_upper,2028_housing_price_feature_importance,2028_housing_affordability,2028_housing_affordability_ci_lower,2028_housing_affordability_ci_upper,2028_housing_affordability_feature_importance,2028_net_additional_dwellings,2028_net_additional_dwellings_ci_lower,2028_net_additional_dwellings_ci_upper,2028_net_additional_dwellings_feature_importance,2029_housing_price,2029_housing_price_ci_lower,2029_housing_price_ci_upper,2029_housing_price_feature_importance,2029_housing_affordability,2029_housing_affordability_ci_lower,2029_housing_affordability_ci_upper,2029_housing_affordability_feature_importance,2029_net_additional_dwellings,2029_net_additional_dwellings_ci_lower,2029_net_additional_dwellings_ci_upper,2029_net_additional_dwellings_feature_importance,2030_housing_price,2030_housing_price_ci_lower,2030_housing_price_ci_upper,2030_housing_price_feature_importance,2030_housing_affordability,2030_housing_affordability_ci_lower,2030_housing_affordability_ci_upper,2030_housing_affordability_feature_importance,2030_net_additional_dwellings,2030_net_additional_dwellings_ci_lower,2030_net_additional_dwellings_ci_upper,2030_net_additional_dwellings_feature_importance,2031_housing_price,2031_housing_price_ci_lower,2031_housing_price_ci_upper,2031_housing_price_feature_importance,2031_housing_affordability,2031_housing_affordability_ci_lower,2031_housing_affordability_ci_upper,2031_housing_affordability_feature_importance,2031_net_additional_dwellings,2031_net_additional_dwellings_ci_lower,2031_net_additional_dwellings_ci_upper,2031_net_additional_dwellings_feature_importance
E06000001,Hartlepool,,1,182613,164351.7,200874.3,"{'public_transport_access': 0.464, 'broadband_speed': 0.058, 'school_quality': 0.061, 'crime_rate': 0.231, 'tree_density': 0.186}",11.5,10.35,12.65,"{'crime_rate': 0.208, 'broadband_speed': 0.071, 'air_quality': 0.211, 'median_income': 0.471, 'healthcare_access': 0.038}",666,599.4,732.6,"{'broadband_speed': 0.377, 'school_quality': 0.241, 'tree_density': 0.284, 'green_space_area': 0.098, 'employment_rate': 0.001}",391518,352366.2,430669.8,"{'median_income': 0.011, 'public_transport_access': 0.276, 'healthcare_access': 0.106, 'crime_rate': 0.245, 'green_space_area': 0.362}",8.7,7.83,9.57,"{'green_space_area': 0.315, 'air_quality': 0.271, 'crime_rate': 0.127, 'healthcare_access': 0.229, 'median_income': 0.058}",1235,1111.5,1358.5,"{'median_income': 0.087, 'employment_rate': 0.409, 'healthcare_access': 0.462, 'public_transport_access': 0.006, 'crime_rate': 0.036}",408607,367746.3,449467.7,"{'tree_density': 0.333, 'broadband_speed': 0.056, 'green_space_area': 0.076, 'school_quality': 0.143, 'employment_rate': 0.392}",8.9,8.01,9.79,"{'median_income': 0.386, 'broadband_speed': 0.226, 'healthcare_access': 0.044, 'air_quality': 0.283, 'tree_density': 0.06}",688,619.2,756.8,"{'air_quality': 0.112, 'public_transport_access': 0.264, 'healthcare_access': 0.232, 'school_quality': 0.225, 'employment_rate': 0.167}",446842,402157.8,491526.2,"{'public_transport_access': 0.22, 'school_quality': 0.339, 'crime_rate': 0.084, 'median_income': 0.308, 'green_space_area': 0.049}",8.0,7.2,8.8,"{'green_space_area': 0.153, 'public_transport_access': 0.131, 'school_quality': 0.318, 'tree_density': 0.291, 'air_quality': 0.107}",260,234.0,286.0,"{'crime_rate': 0.008, 'broadband_speed': 0.322, 'air_quality': 0.139, 'tree_density': 0.09, 'public_transport_access': 0.441}",418643,376778.7,460507.3,"{'public_transport_access': 0.076, 'crime_rate': 0.051, 'air_quality': 0.013, 'employment_rate': 0.331, 'green_space_area': 0.528}",5.0,4.5,5.5,"{'employment_rate': 0.326, 'crime_rate': 0.013, 'green_space_area': 0.316, 'tree_density': 0.084, 'median_income': 0.261}",1470,1323.0,1617.0,"{'public_transport_access': 0.029, 'tree_density': 0.537, 'crime_rate': 0.022, 'healthcare_access': 0.175, 'employment_rate': 0.237}",237396,213656.4,261135.6,"{'school_quality': 0.115, 'public_transport_access': 0.098, 'healthcare_access': 0.16, 'crime_rate': 0.078, 'tree_density': 0.55}",5.6,5.04,6.16,"{'healthcare_access': 0.747, 'employment_rate': 0.067, 'green_space_area': 0.078, 'broadband_speed': 0.107, 'air_quality': 0.001}",480,432.0,528.0,"{'green_space_area': 0.558, 'school_quality': 0.062, 'air_quality': 0.008, 'tree_density': 0.351, 'healthcare_access': 0.021}"
E06000002,Middlesbrough,,2,464223,417800.7,510645.3,"{'tree_density': 0.303, 'green_space_area': 0.251, 'broadband_speed': 0.169, 'employment_rate': 0.048, 'healthcare_access': 0.229}",5.6,5.04,6.16,"{'green_space_area': 0.189, 'air_quality': 0.055, 'healthcare_access': 0.437, 'crime_rate': 0.146, 'median_income': 0.172}",326,293.4,358.6,"{'green_space_area': 0.149, 'healthcare_access': 0.001, 'public_transport_access': 0.033, 'tree_density': 0.248, 'employment_rate': 0.569}",226934,204240.6,249627.4,"{'median_income': 0.242, 'air_quality': 0.267, 'school_quality': 0.119, 'healthcare_access': 0.259, 'employment_rate': 0.112}",8.9,8.01,9.79,"{'healthcare_access': 0.01, 'school_quality': 0.038, 'broadband_speed': 0.245, 'green_space_area': 0.122, 'median_income': 0.584}",512,460.8,563.2,"{'public_transport_access': 0.087, 'broadband_speed': 0.456, 'school_quality': 0.245, 'healthcare_access': 0.184, 'green_space_area': 0.028}",414641,373176.9,456105.1,"{'green_space_area': 0.482, 'healthcare_access': 0.127, 'employment_rate': 0.066, 'air_quality': 0.107, 'public_transport_access': 0.219}",3.1,2.79,3.41,"{'tree_density': 0.037, 'crime_rate': 0.047, 'healthcare_access': 0.646, 'public_transport_access': 0.158, 'school_quality': 0.112}",290,261.0,319.0,"{'healthcare_access': 0.087, 'air_quality': 0.154, 'employment_rate': 0.419, 'public_transport_access': 0.28, 'green_space_area': 0.06}",463335,417001.5,509668.5,"{'public_transport_access': 0.29, 'crime_rate': 0.081, 'healthcare_access': 0.455, 'employment_rate': 0.068, 'tree_density': 0.105}",10.6,9.54,11.66,"{'school_quality': 0.206, 'tree_density': 0.377, 'broadband_speed': 0.103, 'median_income': 0.19, 'crime_rate': 0.124}",351,315.9,386.1,"{'air_quality': 0.021, 'healthcare_access': 0.242, 'school_quality': 0.232, 'employment_rate': 0.451, 'crime_rate': 0.053}",386511,347859.9,425162.1,"{'public_transport_access': 0.048, 'school_quality': 0.032, 'green_space_area': 0.265, 'crime_rate': 0.395, 'median_income': 0.26}",12.0,10.8,13.2,"{'median_income': 0.035, 'crime_rate': 0.041, 'school_quality': 0.447, 'tree_density': 0.447, 'green_space_area': 0.031}",1353,1217.7,1488.3,"{'crime_rate': 0.059, 'public_transport_access': 0.358, 'broadband_speed': 0.254, 'tree_density': 0.314, 'school_quality': 0.015}",382116,343904.4,420327.6,"{'air_quality': 0.279, 'crime_rate': 0.233, 'employment_rate': 0.26, 'school_quality': 0.216, 'green_space_area': 0.011}",7.1,6.39,7.81,"{'tree_density': 0.15, 'employment_rate': 0.115, 'air_quality': 0.381, 'broadband_speed': 0.071, 'healthcare_access': 0.283}",954,858.6,1049.4,"{'employment_rate': 0.032, 'median_income': 0.07, 'crime_rate': 0.533, 'healthcare_access': 0.109, 'green_space_area': 0.255}"
E06000003,Redcar and Cleveland,,3,239105,215194.5,263015.5,"{'healthcare_access': 0.002, 'green_space_area': 0.545, 'median_income': 0.073, 'broadband_speed': 0.144, 'crime_rate': 0.236}",10.8,9.72,11.88,"{'crime_rate': 0.188, 'tree_density': 0.58, 'green_space_area': 0.052, 'employment_rate': 0.078, 'broadband_speed': 0.103}",1217,1095.3,1338.7,"{'broadband_speed': 0.206, 'tree_density': 0.063, 'public_transport_access': 0.04, 'median_income': 0.625, 'air_quality': 0.067}",444806,400325.4,489286.6,"{'healthcare_access': 0.081, 'broadband_speed': 0.238, 'school_quality': 0.088, 'median_income': 0.025, 'crime_rate': 0.567}",10.1,9.09,11.11,"{'healthcare_access': 0.449, 'median_income': 0.141, 'employment_rate': 0.078, 'green_space_area': 0.315, 'air_quality': 0.017}",819,737.1,900.9,"{'employment_rate': 0.859, 'crime_rate': 0.001, 'healthcare_access': 0.019, 'public_transport_access': 0.009, 'air_quality': 0.112}",274963,247466.7,302459.3,"{'public_transport_access': 0.294, 'tree_density': 0.287, 'median_income': 0.164, 'air_quality': 0.244, 'crime_rate': 0.012}",5.9,5.31,6.49,"{'broadband_speed': 0.087, 'crime_rate': 0.443, 'tree_density': 0.256, 'school_quality': 0.127, 'healthcare_access': 0.087}",339,305.1,372.9,"{'school_quality': 0.021, 'public_transport_access': 0.389, 'green_space_area': 0.227, 'crime_rate': 0.14, 'healthcare_access': 0.222}",445677,401109.3,490244.7,"{'healthcare_access': 0.206, 'crime_rate': 0.418, 'air_quality': 0.112, 'school_quality': 0.036, 'median_income': 0.228}",8.7,7.83,9.57,"{'air_quality': 0.045, 'public_transport_access': 0.111, 'broadband_speed': 0.687, 'employment_rate': 0.002, 'tree_density': 0.154}",1130,1017.0,1243.0,"{'broadband_speed': 0.119, 'median_income': 0.198, 'public_transport_access': 0.299, 'crime_rate': 0.252, 'tree_density': 0.133}",334340,300906.0,367774.0,"{'crime_rate': 0.051, 'green_space_area': 0.17, 'air_quality': 0.012, 'public_transport_access': 0.237, 'healthcare_access': 0.531}",10.9,9.81,11.99,"{'air_quality': 0.356, 'employment_rate': 0.238, 'healthcare_access': 0.238, 'green_space_area': 0.044, 'broadband_speed': 0.123}",1162,1045.8,1278.2,"{'tree_density': 0.286, 'healthcare_access': 0.276, 'broadband_speed': 0.268, 'air_quality': 0.034, 'median_income': 0.136}",324704,292233.6,357174.4,"{'employment_rate': 0.573, 'public_transport_access': 0.014, 'green_space_area': 0.05, 'crime_rate': 0.299, 'broadband_speed': 0.063}",7.7,6.93,8.47,"{'broadband_speed': 0.405, 'employment_rate': 0.062, 'tree_density': 0.278, 'median_income': 0.137, 'green_space_area': 0.119}",1121,1008.9,1233.1,"{'school_quality': 0.244, 'broadband_speed': 0.253, 'public_transport_access': 0.111, 'employment_rate': 0.022, 'tree_density': 0.37}"
E06000004,Stockton-on-Tees,,4,283368,255031.2,311704.8,"{'median_income': 0.343, 'healthcare_access': 0.006, 'broadband_speed': 0.397, 'public_transport_access': 0.178, 'air_quality': 0.075}",5.4,4.86,5.94,"{'employment_rate': 0.338, 'healthcare_access': 0.074, 'green_space_area': 0.245, 'public_transport_access': 0.328, 'broadband_speed': 0.015}",384,345.6,422.4,"{'employment_rate': 0.231, 'healthcare_access': 0.531, 'broadband_speed': 0.01, 'tree_density': 0.155, 'crime_rate': 0.073}",391725,352552.5,430897.5,"{'healthcare_access': 0.412, 'public_transport_access': 0.199, 'green_space_area': 0.183, 'employment_rate': 0.086, 'air_quality': 0.12}",8.5,7.65,9.35,"{'tree_density': 0.302, 'air_quality': 0.024, 'healthcare_access': 0.015, 'employment_rate': 0.233, 'broadband_speed': 0.426}",1070,963.0,1177.0,"{'broadband_speed': 0.601, 'healthcare_access': 0.032, 'public_transport_access': 0.233, 'employment_rate': 0.061, 'crime_rate': 0.073}",279254,251328.6,307179.4,"{'school_quality': 0.23, 'employment_rate': 0.339, 'median_income': 0.126, 'crime_rate': 0.291, 'green_space_area': 0.014}",10.7,9.63,11.77,"{'public_transport_access': 0.225, 'employment_rate': 0.543, 'healthcare_access': 0.013, 'median_income': 0.151, 'green_space_area': 0.069}",283,254.7,311.3,"{'public_transport_access': 0.201, 'healthcare_access': 0.1, 'median_income': 0.276, 'green_space_area': 0.219, 'employment_rate': 0.204}",421482,379333.8,463630.2,"{'median_income': 0.158, 'crime_rate': 0.151, 'healthcare_access': 0.22, 'school_quality': 0.018, 'green_space_area': 0.453}",3.6,3.24,3.96,"{'employment_rate': 0.046, 'public_transport_access': 0.064, 'crime_rate': 0.012, 'air_quality': 0.604, 'broadband_speed': 0.274}",187,168.3,205.7,"{'public_transport_access': 0.148, 'tree_density': 0.439, 'healthcare_access': 0.03, 'employment_rate': 0.191, 'median_income': 0.192}",415359,373823.1,456894.9,"{'crime_rate': 0.39, 'employment_rate': 0.041, 'public_transport_access': 0.071, 'air_quality': 0.184, 'green_space_area': 0.314}",11.0,9.9,12.1,"{'school_quality': 0.08, 'broadband_speed': 0.18, 'green_space_area': 0.025, 'median_income': 0.468, 'healthcare_access': 0.248}",415,373.5,456.5,"{'air_quality': 0.087, 'school_quality': 0.116, 'public_transport_access': 0.08, 'employment_rate': 0.358, 'green_space_area': 0.359}",152300,137070.0,167530.0,"{'public_transport_access': 0.132, 'school_quality': 0.032, 'broadband_speed': 0.26, 'healthcare_access': 0.278, 'crime_rate': 0.298}",5.6,5.04,6.16,"{'green_space_area': 0.072, 'crime_rate': 0.029, 'tree_density': 0.287, 'median_income': 0.282, 'air_quality': 0.33}",931,837.9,1024.1,"{'air_quality': 0.292, 'broadband_speed': 0.399, 'school_quality': 0.12, 'public_transport_access': 0.125, 'healthcare_access': 0.064}"
E06000005,Darlington,,5,373517,336165.3,410868.7,"{'median_income': 0.071, 'public_transport_access': 0.051, 'employment_rate': 0.286, 'crime_rate': 0.457, 'school_quality': 0.135}",9.1,8.19,10.01,"{'median_income': 0.071, 'air_quality': 0.23, 'tree_density': 0.011, 'employment_rate': 0.324, 'green_space_area': 0.364}",514,462.6,565.4,"{'tree_density': 0.277, 'crime_rate': 0.091, 'employment_rate': 0.38, 'healthcare_access': 0.156, 'air_quality': 0.095}",170055,153049.5,187060.5,"{'median_income': 0.079, 'public_transport_access': 0.279, 'broadband_speed': 0.07, 'crime_rate': 0.494, 'healthcare_access': 0.077}",6.1,5.49,6.71,"{'healthcare_access': 0.086, 'school_quality': 0.071, 'median_income': 0.141, 'broadband_speed': 0.425, 'air_quality': 0.277}",251,225.9,276.1,"{'crime_rate': 0.372, 'school_quality': 0.403, 'healthcare_access': 0.019, 'median_income': 0.135, 'broadband_speed': 0.071}",361006,324905.4,397106.6,"{'crime_rate': 0.147, 'healthcare_access': 0.076, 'employment_rate': 0.099, 'school_quality': 0.146, 'green_space_area': 0.532}",12.0,10.8,13.2,"{'tree_density': 0.771, 'public_transport_access': 0.035, 'employment_rate': 0.111, 'healthcare_access': 0.057, 'broadband_speed': 0.026}",1258,1132.2,1383.8,"{'school_quality': 0.289, 'air_quality': 0.034, 'employment_rate': 0.006, 'public_transport_access': 0.398, 'median_income': 0.274}",219188,197269.2,241106.8,"{'public_transport_access': 0.351, 'median_income': 0.237, 'employment_rate': 0.122, 'broadband_speed': 0.231, 'healthcare_access': 0.059}",9.2,8.28,10.12,"{'public_transport_access': 0.048, 'tree_density': 0.019, 'crime_rate': 0.155, 'employment_rate': 0.122, 'green_space_area': 0.656}",1080,972.0,1188.0,"{'employment_rate': 0.063, 'green_space_area': 0.202, 'crime_rate': 0.201, 'school_quality': 0.017, 'air_quality': 0.516}",432163,388946.7,475379.3,"{'air_quality': 0.371, 'employment_rate': 0.226, 'crime_rate': 0.121, 'tree_density': 0.235, 'public_transport_access': 0.047}",6.0,5.4,6.6,"{'healthcare_access': 0.011, 'tree_density': 0.004, 'employment_rate': 0.28, 'school_quality': 0.33, 'public_transport_access': 0.376}",1675,1507.5,1842.5,"{'public_transport_access': 0.009, 'employment_rate': 0.006, 'broadband_speed': 0.47, 'green_space_area': 0.472, 'air_quality': 0.043}",227075,204367.5,249782.5,"{'air_quality': 0.294, 'employment_rate': 0.215, 'public_transport_access': 0.392, 'crime_rate': 0.059, 'green_space_area': 0.04}",9.7,8.73,10.67,"{'air_quality': 0.387, 'tree_density': 0.109, 'public_transport_access': 0.146, 'school_quality': 0.325, 'median_income': 0.034}",1246,1121.4,1370.6,"{'tree_density': 0.273, 'green_space_area': 0.165, 'employment_rate': 0.214, 'air_quality': 0.318, 'public_transport_access': 0.029}"
E06000006,Halton,,6,253655,228289.5,279020.5,"{'tree_density': 0.554, 'healthcare_access': 0.008, 'employment_rate': 0.172, 'broadband_speed': 0.089, 'crime_rate': 0.177}",7.8,7.02,8.58,"{'school_quality': 0.108, 'healthcare_access': 0.109, 'green_space_area': 0.035, 'crime_rate': 0.069, 'tree_density': 0.679}",236,212.4,259.6,"{'school_quality': 0.184, 'green_space_area': 0.14, 'median_income': 0.227, 'public_transport_access': 0.335, 'broadband_speed': 0.113}",487663,438896.7,536429.3,"{'employment_rate': 0.519, 'healthcare_access': 0.205, 'broadband_speed': 0.256, 'crime_rate': 0.012, 'public_transport_access': 0.008}",11.7,10.53,12.87,"{'school_quality': 0.24, 'tree_density': 0.065, 'air_quality': 0.088, 'broadband_speed': 0.012, 'public_transport_access': 0.595}",1320,1188.0,1452.0,"{'employment_rate': 0.057, 'school_quality': 0.251, 'public_transport_access': 0.148, 'broadband_speed': 0.418, 'healthcare_access': 0.126}",164549,148094.1,181003.9,"{'air_quality': 0.334, 'crime_rate': 0.089, 'public_transport_access': 0.23, 'tree_density': 0.211, 'employment_rate': 0.137}",6.5,5.85,7.15,"{'median_income': 0.018, 'crime_rate': 0.208, 'tree_density': 0.072, 'green_space_area': 0.511, 'broadband_speed': 0.191}",365,328.5,401.5,"{'crime_rate': 0.017, 'broadband_speed': 0.05, 'school_quality': 0.021, 'public_transport_access': 0.586, 'median_income': 0.327}",345933,311339.7,380526.3,"{'crime_rate': 0.508, 'employment_rate': 0.117, 'public_transport_access': 0.182, 'median_income': 0.124, 'green_space_area': 0.068}",10.4,9.36,11.44,"{'employment_rate': 0.33, 'crime_rate': 0.457, 'tree_density': 0.066, 'school_quality': 0.065, 'healthcare_access': 0.082}",730,657.0,803.0,"{'crime_rate': 0.357, 'public_transport_access': 0.19, 'air_quality': 0.187, 'median_income': 0.015, 'school_quality': 0.251}",297624,267861.6,327386.4,"{'tree_density': 0.197, 'employment_rate': 0.495, 'air_quality': 0.123, 'healthcare_access': 0.098, 'green_space_area': 0.087}",10.0,9.0,11.0,"{'broadband_speed': 0.704, 'school_quality': 0.003, 'air_quality': 0.207, 'healthcare_access': 0.015, 'median_income': 0.07}",330,297.0,363.0,"{'healthcare_access': 0.362, 'school_quality': 0.043, 'median_income': 0.248, 'air_quality': 0.004, 'broadband_speed': 0.343}",164951,148455.9,181446.1,"{'green_space_area': 0.334, 'public_transport_access': 0.28, 'healthcare_access': 0.084, 'air_quality': 0.276, 'school_quality': 0.027}",3.4,3.06,3.74,"{'air_quality': 0.531, 'employment_rate': 0.198, 'crime_rate': 0.134, 'tree_density': 0.036, 'green_space_area': 0.102}",1224,1101.6,1346.4,"{'air_quality': 0.274, 'healthcare_access': 0.3, 'employment_rate': 0.254, 'tree_density': 0.036, 'broadband_speed': 0.135}"
E06000007,Warrington,,7,161183,145064.7,177301.3,"{'green_space_area': 0.217, 'public_transport_access': 0.094, 'broadband_speed': 0.07, 'crime_rate': 0.006, 'employment_rate': 0.614}",9.4,8.46,10.34,"{'crime_rate': 0.214, 'public_transport_access': 0.165, 'air_quality': 0.214, 'green_space_area': 0.129, 'healthcare_access': 0.277}",169,152.1,185.9,"{'school_quality': 0.143, 'air_quality': 0.052, 'green_space_area': 0.576, 'tree_density': 0.01, 'crime_rate': 0.218}",212667,191400.3,233933.7,"{'broadband_speed': 0.044, 'air_quality': 0.716, 'employment_rate': 0.024, 'school_quality': 0.024, 'public_transport_access': 0.193}",11.8,10.62,12.98,"{'median_income': 0.173, 'public_transport_access': 0.39, 'tree_density': 0.047, 'healthcare_access': 0.311, 'broadband_speed': 0.08}",1943,1748.7,2137.3,"{'school_quality': 0.14, 'tree_density': 0.226, 'public_transport_access': 0.096, 'median_income': 0.046, 'broadband_speed': 0.492}",273128,245815.2,300440.8,"{'crime_rate': 0.183, 'healthcare_access': 0.089, 'broadband_speed': 0.113, 'air_quality': 0.608, 'green_space_area': 0.007}",6.6,5.94,7.26,"{'school_quality': 0.369, 'green_space_area': 0.235, 'healthcare_access': 0.104, 'public_transport_access': 0.031, 'employment_rate': 0.262}",1428,1285.2,1570.8,"{'median_income': 0.027, 'healthcare_access': 0.128, 'crime_rate': 0.138, 'tree_density': 0.261, 'broadband_speed': 0.447}",152181,136962.9,167399.1,"{'school_quality': 0.234, 'public_transport_access': 0.077, 'green_space_area': 0.293, 'tree_density': 0.32, 'healthcare_access': 0.075}",11.6,10.44,12.76,"{'public_transport_access': 0.064, 'healthcare_access': 0.027, 'median_income': 0.147, 'tree_density': 0.426, 'broadband_speed': 0.337}",372,334.8,409.2,"{'healthcare_access': 0.236, 'school_quality': 0.08, 'employment_rate': 0.091, 'tree_density': 0.001, 'broadband_speed': 0.592}",290726,261653.4,319798.6,"{'tree_density': 0.558, 'air_quality': 0.021, 'school_quality': 0.18, 'green_space_area': 0.144, 'public_transport_access': 0.097}",5.7,5.13,6.27,"{'air_quality': 0.129, 'broadband_speed': 0.666, 'median_income': 0.025, 'healthcare_access': 0.015, 'green_space_area': 0.164}",1401,1260.9,1541.1,"{'air_quality': 0.286, 'median_income': 0.085, 'school_quality': 0.27, 'public_transport_access': 0.338, 'broadband_speed': 0.021}",245677,221109.3,270244.7,"{'public_transport_access': 0.33, 'school_quality': 0.098, 'crime_rate': 0.25, 'broadband_speed': 0.194, 'tree_density': 0.128}",7.3,6.57,8.03,"{'broadband_speed': 0.119, 'school_quality': 0.272, 'public_transport_access': 0.017, 'crime_rate': 0.217, 'tree_density': 0.375}",1491,1341.9,1640.1,"{'broadband_speed': 0.278, 'employment_rate': 0.219, 'air_quality': 0.023, 'public_transport_access': 0.373, 'tree_density': 0.107}"
E06000008,Blackburn with Darwen,,8,473520,426168.0,520872.0,"{'crime_rate': 0.208, 'employment_rate': 0.125, 'public_transport_access': 0.077, 'school_quality': 0.408, 'median_income': 0.183}",4.4,3.96,4.84,"{'public_transport_access': 0.075, 'healthcare_access': 0.068, 'school_quality': 0.165, 'green_space_area': 0.426, 'broadband_speed': 0.266}",118,106.2,129.8,"{'crime_rate': 0.342, 'air_quality': 0.2, 'healthcare_access': 0.378, 'green_space_area': 0.019, 'employment_rate': 0.061}",259563,233606.7,285519.3,"{'median_income': 0.015, 'broadband_speed': 0.316, 'green_space_area': 0.229, 'school_quality': 0.241, 'crime_rate': 0.199}",6.0,5.4,6.6,"{'school_quality': 0.815, 'tree_density': 0.017, 'healthcare_access': 0.001, 'broadband_speed': 0.154, 'air_quality': 0.013}",1612,1450.8,1773.2,"{'broadband_speed': 0.356, 'public_transport_access': 0.442, 'school_quality': 0.113, 'green_space_area': 0.048, 'air_quality': 0.042}",205200,184680.0,225720.0,"{'employment_rate': 0.062, 'public_transport_access': 0.182, 'crime_rate': 0.19, 'broadband_speed': 0.26, 'tree_density': 0.305}",3.4,3.06,3.74,"{'green_space_area': 0.234, 'school_quality': 0.186, 'crime_rate': 0.202, 'air_quality': 0.347, 'broadband_speed': 0.03}",473,425.7,520.3,"{'healthcare_access': 0.434, 'median_income': 0.287, 'public_transport_access': 0.033, 'green_space_area': 0.167, 'employment_rate': 0.08}",299092,269182.8,329001.2,"{'employment_rate': 0.148, 'median_income': 0.03, 'public_transport_access': 0.326, 'broadband_speed': 0.029, 'healthcare_access': 0.467}",4.4,3.96,4.84,"{'crime_rate': 0.321, 'healthcare_access': 0.032, 'air_quality': 0.354, 'broadband_speed': 0.226, 'employment_rate': 0.067}",1890,1701.0,2079.0,"{'crime_rate': 0.121, 'public_transport_access': 0.143, 'green_space_area': 0.045, 'employment_rate': 0.391, 'school_quality': 0.299}",298651,268785.9,328516.1,"{'green_space_area': 0.36, 'employment_rate': 0.065, 'crime_rate': 0.117, 'median_income': 0.215, 'public_transport_access': 0.244}",4.9,4.41,5.39,"{'public_transport_access': 0.163, 'green_space_area': 0.046, 'median_income': 0.157, 'employment_rate': 0.362, 'healthcare_access': 0.273}",142,127.8,156.2,"{'air_quality': 0.059, 'employment_rate': 0.115, 'tree_density': 0.314, 'broadband_speed': 0.077, 'school_quality': 0.435}",480150,432135.0,528165.0,"{'green_space_area': 0.023, 'employment_rate': 0.439, 'school_quality': 0.056, 'healthcare_access': 0.288, 'crime_rate': 0.194}",3.4,3.06,3.74,"{'employment_rate': 0.003, 'median_income': 0.086, 'tree_density': 0.262, 'crime_rate': 0.377, 'air_quality': 0.272}",321,288.9,353.1,"{'broadband_speed': 0.159, 'public_transport_access': 0.077, 'healthcare_access': 0.093, 'green_space_area': 0.633, 'employment_rate': 0.037}"
E06000009,Blackpool,,9,155359,139823.1,170894.9,"{'green_space_area': 0.525, 'employment_rate': 0.052, 'crime_rate': 0.034, 'air_quality': 0.345, 'broadband_speed': 0.044}",6.2,5.58,6.82,"{'employment_rate': 0.085, 'school_quality': 0.073, 'green_space_area': 0.41, 'broadband_speed': 0.237, 'public_transport_access': 0.195}",974,876.6,1071.4,"{'median_income': 0.077, 'broadband_speed': 0.59, 'public_transport_access': 0.093, 'healthcare_access': 0.17, 'school_quality': 0.071}",252711,227439.9,277982.1,"{'employment_rate': 0.224, 'crime_rate': 0.372, 'school_quality': 0.145, 'air_quality': 0.068, 'green_space_area': 0.19}",3.5,3.15,3.85,"{'school_quality': 0.191, 'healthcare_access': 0.454, 'broadband_speed': 0.001, 'crime_rate': 0.097, 'tree_density': 0.258}",1620,1458.0,1782.0,"{'employment_rate': 0.408, 'broadband_speed': 0.069, 'green_space_area': 0.054, 'air_quality': 0.291, 'school_quality': 0.179}",359163,323246.7,395079.3,"{'tree_density': 0.062, 'public_transport_access': 0.218, 'median_income': 0.174, 'school_quality': 0.3, 'green_space_area': 0.245}",3.8,3.42,4.18,"{'green_space_area': 0.295, 'crime_rate': 0.055, 'school_quality': 0.154, 'healthcare_access': 0.032, 'broadband_speed': 0.464}",1688,1519.2,1856.8,"{'green_space_area': 0.411, 'school_quality': 0.033, 'median_income': 0.251, 'public_transport_access': 0.19, 'broadband_speed': 0.116}",152038,136834.2,167241.8,"{'tree_density': 0.177, 'employment_rate': 0.22, 'green_space_area': 0.349, 'air_quality': 0.154, 'broadband_speed': 0.101}",5.1,4.59,5.61,"{'employment_rate': 0.105, 'green_space_area': 0.744, 'broadband_speed': 0.005, 'median_income': 0.127, 'school_quality': 0.019}",600,540.0,660.0,"{'school_quality': 0.014, 'green_space_area': 0.286, 'crime_rate': 0.053, 'employment_rate': 0.15, 'air_quality': 0.497}",426231,383607.9,468854.1,"{'broadband_speed': 0.157, 'public_transport_access': 0.062, 'healthcare_access': 0.131, 'green_space_area': 0.05, 'tree_density': 0.599}",10.5,9.45,11.55,"{'crime_rate': 0.318, 'median_income': 0.054, 'employment_rate': 0.436, 'school_quality': 0.172, 'broadband_speed': 0.02}",907,816.3,997.7,"{'tree_density': 0.048, 'public_transport_access': 0.71, 'median_income': 0.07, 'air_quality': 0.053, 'school_quality': 0.119}",189987,170988.3,208985.7,"{'air_quality': 0.296, 'median_income': 0.051, 'employment_rate': 0.12, 'tree_density': 0.42, 'school_quality': 0.113}",3.3,2.97,3.63,"{'median_income': 0.13, 'crime_rate': 0.231, 'green_space_area': 0.342, 'employment_rate': 0.185, 'healthcare_access': 0.112}",851,765.9,936.1,"{'median_income': 0.099, 'employment_rate': 0.196, 'tree_density': 0.067, 'green_space_area': 0.133, 'air_quality': 0.506}"
E06000010,"Kingston upon Hull, City of",,10,422393,380153.7,464632.3,"{'green_space_area': 0.122, 'broadband_speed': 0.03, 'school_quality': 0.762, 'air_quality': 0.037, 'public_transport_access': 0.049}",8.2,7.38,9.02,"{'tree_density': 0.488, 'air_quality': 0.048, 'healthcare_access': 0.008, 'public_transport_access': 0.398, 'employment_rate': 0.058}",1453,1307.7,1598.3,"{'median_income': 0.27, 'green_space_area': 0.012, 'tree_density': 0.332, 'broadband_speed': 0.092, 'air_quality': 0.293}",253097,227787.3,278406.7,"{'school_quality': 0.019, 'employment_rate': 0.012, 'healthcare_access': 0.513, 'public_transport_access': 0.163, 'broadband_speed': 0.293}",8.7,7.83,9.57,"{'school_quality': 0.316, 'air_quality': 0.441, 'green_space_area': 0.17, 'broadband_speed': 0.054, 'employment_rate': 0.018}",1385,1246.5,1523.5,"{'crime_rate': 0.072, 'broadband_speed': 0.287, 'employment_rate': 0.336, 'green_space_area': 0.18, 'healthcare_access': 0.125}",483811,435429.9,532192.1,"{'crime_rate': 0.098, 'public_transport_access': 0.158, 'broadband_speed': 0.234, 'median_income': 0.444, 'employment_rate': 0.065}",9.8,8.82,10.78,"{'public_transport_access': 0.328, 'school_quality': 0.14, 'broadband_speed': 0.08, 'crime_rate': 0.309, 'tree_density': 0.143}",1062,955.8,1168.2,"{'air_quality': 0.06, 'crime_rate': 0.289, 'employment_rate': 0.285, 'median_income': 0.245, 'school_quality': 0.12}",166016,149414.4,182617.6,"{'broadband_speed': 0.056, 'school_quality': 0.267, 'crime_rate': 0.372, 'green_space_area': 0.06, 'employment_rate': 0.245}",4.3,3.87,4.73,"{'tree_density': 0.415, 'green_space_area': 0.067, 'air_quality': 0.31, 'broadband_speed': 0.177, 'median_income': 0.031}",1657,1491.3,1822.7,"{'healthcare_access': 0.542, 'broadband_speed': 0.027, 'air_quality': 0.13, 'school_quality': 0.237, 'green_space_area': 0.064}",279629,251666.1,307591.9,"{'employment_rate': 0.315, 'school_quality': 0.101, 'median_income': 0.117, 'air_quality': 0.086, 'broadband_speed': 0.381}",4.0,3.6,4.4,"{'public_transport_access': 0.048, 'employment_rate': 0.306, 'healthcare_access': 0.131, 'air_quality': 0.028, 'crime_rate': 0.487}",1288,1159.2,1416.8,"{'broadband_speed': 0.023, 'green_space_area': 0.439, 'public_transport_access': 0.211, 'air_quality': 0.209, 'crime_rate': 0.118}",332086,298877.4,365294.6,"{'crime_rate': 0.461, 'school_quality': 0.253, 'broadband_speed': 0.003, 'public_transport_access': 0.034, 'tree_density': 0.249}",5.9,5.31,6.49,"{'green_space_area': 0.616, 'healthcare_access': 0.172, 'school_quality': 0.139, 'median_income': 0.054, 'air_quality': 0.02}",1536,1382.4,1689.6,"{'school_quality': 0.151, 'healthcare_access': 0.189, 'tree_density': 0.047, 'median_income': 0.587, 'public_transport_access': 0.026}"
E06000011,East Riding of Yorkshire,,11,182613,164351.7,200874.3,"{'public_transport_access': 0.464, 'broadband_speed': 0.058, 'school_quality': 0.061, 'crime_rate': 0.231, 'tree_density': 0.186}",11.5,10.35,12.65,"{'crime_rate': 0.208, 'broadband_speed': 0.071, 'air_quality': 0.211, 'median_income': 0.471, 'healthcare_access': 0.038}",666,599.4,732.6,"{'broadband_speed': 0.377, 'school_quality': 0.241, 'tree_density': 0.284, 'green_space_area': 0.098, 'employment_rate': 0.001}",391518,352366.2,430669.8,"{'median_income': 0.011, 'public_transport_access': 0.276, 'healthcare_access': 0.106, 'crime_rate': 0.245, 'green_space_area': 0.362}",8.7,7.83,9.57,"{'green_space_area': 0.315, 'air_quality': 0.271, 'crime_rate': 0.127, 'healthcare_access': 0.229, 'median_income': 0.058}",1235,1111.5,1358.5,"{'median_income': 0.087, 'employment_rate': 0.409, 'healthcare_access': 0.462, 'public_transport_access': 0.006, 'crime_rate': 0.036}",408607,367746.3,449467.7,"{'tree_density': 0.333, 'broadband_speed': 0.056, 'green_space_area': 0.076, 'school_quality': 0.143, 'employment_rate': 0.392}",8.9,8.01,9.79,"{'median_income': 0.386, 'broadband_speed': 0.226, 'healthcare_access': 0.044, 'air_quality': 0.283, 'tree_density': 0.06}",688,619.2,756.8,"{'air_quality': 0.112, 'public_transport_access': 0.264, 'healthcare_access': 0.232, 'school_quality': 0.225, 'employment_rate': 0.167}",446842,402157.8,491526.2,"{'public_transport_access': 0.22, 'school_quality': 0.339, 'crime_rate': 0.084, 'median_income': 0.308, 'green_space_area': 0.049}",8.0,7.2,8.8,"{'green_space_area': 0.153, 'public_transport_access': 0.131, 'school_quality': 0.318, 'tree_density': 0.291, 'air_quality': 0.107}",260,234.0,286.0,"{'crime_rate': 0.008, 'broadband_speed': 0.322, 'air_quality': 0.139, 'tree_density': 0.09, 'public_transport_access': 0.441}",418643,376778.7,460507.3,"{'public_transport_access': 0.076, 'crime_rate': 0.051, 'air_quality': 0.013, 'employment_rate': 0.331, 'green_space_area': 0.528}",5.0,4.5,5.5,"{'employment_rate': 0.326, 'crime_rate': 0.013, 'green_space_area': 0.316, 'tree_density': 0.084, 'median_income': 0.261}",1470,1323.0,1617.0,"{'public_transport_access': 0.029, 'tree_density': 0.537, 'crime_rate': 0.022, 'healthcare_access': 0.175, 'employment_rate': 0.237}",237396,213656.4,261135.6,"{'school_quality': 0.115, 'public_transport_access': 0.098, 'healthcare_access': 0.16, 'crime_rate': 0.078, 'tree_density': 0.55}",5.6,5.04,6.16,"{'healthcare_access': 0.747, 'employment_rate': 0.067, 'green_space_area': 0.078, 'broadband_speed': 0.107, 'air_quality': 0.001}",480,432.0,528.0,"{'green_space_area': 0.558, 'school_quality': 0.062, 'air_quality': 0.008, 'tree_density': 0.351, 'healthcare_access': 0.021}"
E06000012,North East Lincolnshire,,12,464223,417800.7,510645.3,"{'tree_density': 0.303, 'green_space_area': 0.251, 'broadband_speed': 0.169, 'employment_rate': 0.048, 'healthcare_access': 0.229}",5.6,5.04,6.16,"{'green_space_area': 0.189, 'air_quality': 0.055, 'healthcare_access': 0.437, 'crime_rate': 0.146, 'median_income': 0.172}",326,293.4,358.6,"{'green_space_area': 0.149, 'healthcare_access': 0.001, 'public_transport_access': 0.033, 'tree_density': 0.248, 'employment_rate': 0.569}",226934,204240.6,249627.4,"{'median_income': 0.242, 'air_quality': 0.267, 'school_quality': 0.119, 'healthcare_access': 0.259, 'employment_rate': 0.112}",8.9,8.01,9.79,"{'healthcare_access': 0.01, 'school_quality': 0.038, 'broadband_speed': 0.245, 'green_space_area': 0.122, 'median_income': 0.584}",512,460.8,563.2,"{'public_transport_access': 0.087, 'broadband_speed': 0.456, 'school_quality': 0.245, 'healthcare_access': 0.184, 'green_space_area': 0.028}",414641,373176.9,456105.1,"{'green_space_area': 0.482, 'healthcare_access': 0.127, 'employment_rate': 0.066, 'air_quality': 0.107, 'public_transport_access': 0.219}",3.1,2.79,3.41,"{'tree_density': 0.037, 'crime_rate': 0.047, 'healthcare_access': 0.646, 'public_transport_access': 0.158, 'school_quality': 0.112}",290,261.0,319.0,"{'healthcare_access': 0.087, 'air_quality': 0.154, 'employment_rate': 0.419, 'public_transport_access': 0.28, 'green_space_area': 0.06}",463335,417001.5,509668.5,"{'public_transport_access': 0.29, 'crime_rate': 0.081, 'healthcare_access': 0.455, 'employment_rate': 0.068, 'tree_density': 0.105}",10.6,9.54,11.66,"{'school_quality': 0.206, 'tree_density': 0.377, 'broadband_speed': 0.103, 'median_income': 0.19, 'crime_rate': 0.124}",351,315.9,386.1,"{'air_quality': 0.021, 'healthcare_access': 0.242, 'school_quality': 0.232, 'employment_rate': 0.451, 'crime_rate': 0.053}",386511,347859.9,425162.1,"{'public_transport_access': 0.048, 'school_quality': 0.032, 'green_space_area': 0.265, 'crime_rate': 0.395, 'median_income': 0.26}",12.0,10.8,13.2,"{'median_income': 0.035, 'crime_rate': 0.041, 'school_quality': 0.447, 'tree_density': 0.447, 'green_space_area': 0.031}",1353,1217.7,1488.3,"{'crime_rate': 0.059, 'public_transport_access': 0.358, 'broadband_speed': 0.254, 'tree_density': 0.314, 'school_quality': 0.015}",382116,343904.4,420327.6,"{'air_quality': 0.279, 'crime_rate': 0.233, 'employment_rate': 0.26, 'school_quality': 0.216, 'green_space_area': 0.011}",7.1,6.39,7.81,"{'tree_density': 0.15, 'employment_rate': 0.115, 'air_quality': 0.381, 'broadband_speed': 0.071, 'healthcare_access': 0.283}",954,858.6,1049.4,"{'employment_rate': 0.032, 'median_income': 0.07, 'crime_rate': 0.533, 'healthcare_access': 0.109, 'green_space_area': 0.255}"
E06000013,North Lincolnshire,,13,239105,215194.5,263015.5,"{'healthcare_access': 0.002, 'green_space_area': 0.545, 'median_income': 0.073, 'broadband_speed': 0.144, 'crime_rate': 0.236}",10.8,9.72,11.88,"{'crime_rate': 0.188, 'tree_density': 0.58, 'green_space_area': 0.052, 'employment_rate': 0.078, 'broadband_speed': 0.103}",1217,1095.3,1338.7,"{'broadband_speed': 0.206, 'tree_density': 0.063, 'public_transport_access': 0.04, 'median_income': 0.625, 'air_quality': 0.067}",444806,400325.4,489286.6,"{'healthcare_access': 0.081, 'broadband_speed': 0.238, 'school_quality': 0.088, 'median_income': 0.025, 'crime_rate': 0.567}",10.1,9.09,11.11,"{'healthcare_access': 0.449, 'median_income': 0.141, 'employment_rate': 0.078, 'green_space_area': 0.315, 'air_quality': 0.017}",819,737.1,900.9,"{'employment_rate': 0.859, 'crime_rate': 0.001, 'healthcare_access': 0.019, 'public_transport_access': 0.009, 'air_quality': 0.112}",274963,247466.7,302459.3,"{'public_transport_access': 0.294, 'tree_density': 0.287, 'median_income': 0.164, 'air_quality': 0.244, 'crime_rate': 0.012}",5.9,5.31,6.49,"{'broadband_speed': 0.087, 'crime_rate': 0.443, 'tree_density': 0.256, 'school_quality': 0.127, 'healthcare_access': 0.087}",339,305.1,372.9,"{'school_quality': 0.021, 'public_transport_access': 0.389, 'green_space_area': 0.227, 'crime_rate': 0.14, 'healthcare_access': 0.222}",445677,401109.3,490244.7,"{'healthcare_access': 0.206, 'crime_rate': 0.418, 'air_quality': 0.112, 'school_quality': 0.036, 'median_income': 0.228}",8.7,7.83,9.57,"{'air_quality': 0.045, 'public_transport_access': 0.111, 'broadband_speed': 0.687, 'employment_rate': 0.002, 'tree_density': 0.154}",1130,1017.0,1243.0,"{'broadband_speed': 0.119, 'median_income': 0.198, 'public_transport_access': 0.299, 'crime_rate': 0.252, 'tree_density': 0.133}",334340,300906.0,367774.0,"{'crime_rate': 0.051, 'green_space_area': 0.17, 'air_quality': 0.012, 'public_transport_access': 0.237, 'healthcare_access': 0.531}",10.9,9.81,11.99,"{'air_quality': 0.356, 'employment_rate': 0.238, 'healthcare_access': 0.238, 'green_space_area': 0.044, 'broadband_speed': 0.123}",1162,1045.8,1278.2,"{'tree_density': 0.286, 'healthcare_access': 0.276, 'broadband_speed': 0.268, 'air_quality': 0.034, 'median_income': 0.136}",324704,292233.6,357174.4,"{'employment_rate': 0.573, 'public_transport_access': 0.014, 'green_space_area': 0.05, 'crime_rate': 0.299, 'broadband_speed': 0.063}",7.7,6.93,8.47,"{'broadband_speed': 0.405, 'employment_rate': 0.062, 'tree_density': 0.278, 'median_income': 0.137, 'green_space_area': 0.119}",1121,1008.9,1233.1,"{'school_quality': 0.244, 'broadband_speed': 0.253, 'public_transport_access': 0.111, 'employment_rate': 0.022, 'tree_density': 0.37}"
E06000014,York,,14,283368,255031.2,311704.8,"{'median_income': 0.343, 'healthcare_access': 0.006, 'broadband_speed': 0.397, 'public_transport_access': 0.178, 'air_quality': 0.075}",5.4,4.86,5.94,"{'employment_rate': 0.338, 'healthcare_access': 0.074, 'green_space_area': 0.245, 'public_transport_access': 0.328, 'broadband_speed': 0.015}",384,345.6,422.4,"{'employment_rate': 0.231, 'healthcare_access': 0.531, 'broadband_speed': 0.01, 'tree_density': 0.155, 'crime_rate': 0.073}",391725,352552.5,430897.5,"{'healthcare_access': 0.412, 'public_transport_access': 0.199, 'green_space_area': 0.183, 'employment_rate': 0.086, 'air_quality': 0.12}",8.5,7.65,9.35,"{'tree_density': 0.302, 'air_quality': 0.024, 'healthcare_access': 0.015, 'employment_rate': 0.233, 'broadband_speed': 0.426}",1070,963.0,1177.0,"{'broadband_speed': 0.601, 'healthcare_access': 0.032, 'public_transport_access': 0.233, 'employment_rate': 0.061, 'crime_rate': 0.073}",279254,251328.6,307179.4,"{'school_quality': 0.23, 'employment_rate': 0.339, 'median_income': 0.126, 'crime_rate': 0.291, 'green_space_area': 0.014}",10.7,9.63,11.77,"{'public_transport_access': 0.225, 'employment_rate': 0.543, 'healthcare_access': 0.013, 'median_income': 0.151, 'green_space_area': 0.069}",283,254.7,311.3,"{'public_transport_access': 0.201, 'healthcare_access': 0.1, 'median_income': 0.276, 'green_space_area': 0.219, 'employment_rate': 0.204}",421482,379333.8,463630.2,"{'median_income': 0.158, 'crime_rate': 0.151, 'healthcare_access': 0.22, 'school_quality': 0.018, 'green_space_area': 0.453}",3.6,3.24,3.96,"{'employment_rate': 0.046, 'public_transport_access': 0.064, 'crime_rate': 0.012, 'air_quality': 0.604, 'broadband_speed': 0.274}",187,168.3,205.7,"{'public_transport_access': 0.148, 'tree_density': 0.439, 'healthcare_access': 0.03, 'employment_rate': 0.191, 'median_income': 0.192}",415359,373823.1,456894.9,"{'crime_rate': 0.39, 'employment_rate': 0.041, 'public_transport_access': 0.071, 'air_quality': 0.184, 'green_space_area': 0.314}",11.0,9.9,12.1,"{'school_quality': 0.08, 'broadband_speed': 0.18, 'green_space_area': 0.025, 'median_income': 0.468, 'healthcare_access': 0.248}",415,373.5,456.5,"{'air_quality': 0.087, 'school_quality': 0.116, 'public_transport_access': 0.08, 'employment_rate': 0.358, 'green_space_area': 0.359}",152300,137070.0,167530.0,"{'public_transport_access': 0.132, 'school_quality': 0.032, 'broadband_speed': 0.26, 'healthcare_access': 0.278, 'crime_rate': 0.298}",5.6,5.04,6.16,"{'green_space_area': 0.072, 'crime_rate': 0.029, 'tree_density': 0.287, 'median_income': 0.282, 'air_quality': 0.33}",931,837.9,1024.1,"{'air_quality': 0.292, 'broadband_speed': 0.399, 'school_quality': 0.12, 'public_transport_access': 0.125, 'healthcare_access': 0.064}"
E06000015,Derby,,15,373517,336165.3,410868.7,"{'median_income': 0.071, 'public_transport_access': 0.051, 'employment_rate': 0.286, 'crime_rate': 0.457, 'school_quality': 0.135}",9.1,8.19,10.01,"{'median_income': 0.071, 'air_quality': 0.23, 'tree_density': 0.011, 'employment_rate': 0.324, 'green_space_area': 0.364}",514,462.6,565.4,"{'tree_density': 0.277, 'crime_rate': 0.091, 'employment_rate': 0.38, 'healthcare_access': 0.156, 'air_quality': 0.095}",170055,153049.5,187060.5,"{'median_income': 0.079, 'public_transport_access': 0.279, 'broadband_speed': 0.07, 'crime_rate': 0.494, 'healthcare_access': 0.077}",6.1,5.49,6.71,"{'healthcare_access': 0.086, 'school_quality': 0.071, 'median_income': 0.141, 'broadband_speed': 0.425, 'air_quality': 0.277}",251,225.9,276.1,"{'crime_rate': 0.372, 'school_quality': 0.403, 'healthcare_access': 0.019, 'median_income': 0.135, 'broadband_speed': 0.071}",361006,324905.4,397106.6,"{'crime_rate': 0.147, 'healthcare_access': 0.076, 'employment_rate': 0.099, 'school_quality': 0.146, 'green_space_area': 0.532}",12.0,10.8,13.2,"{'tree_density': 0.771, 'public_transport_access': 0.035, 'employment_rate': 0.111, 'healthcare_access': 0.057, 'broadband_speed': 0.026}",1258,1132.2,1383.8,"{'school_quality': 0.289, 'air_quality': 0.034, 'employment_rate': 0.006, 'public_transport_access': 0.398, 'median_income': 0.274}",219188,197269.2,241106.8,"{'public_transport_access': 0.351, 'median_income': 0.237, 'employment_rate': 0.122, 'broadband_speed': 0.231, 'healthcare_access': 0.059}",9.2,8.28,10.12,"{'public_transport_access': 0.048, 'tree_density': 0.019, 'crime_rate': 0.155, 'employment_rate': 0.122, 'green_space_area': 0.656}",1080,972.0,1188.0,"{'employment_rate': 0.063, 'green_space_area': 0.202, 'crime_rate': 0.201, 'school_quality': 0.017, 'air_quality': 0.516}",432163,388946.7,475379.3,"{'air_quality': 0.371, 'employment_rate': 0.226, 'crime_rate': 0.121, 'tree_density': 0.235, 'public_transport_access': 0.047}",6.0,5.4,6.6,"{'healthcare_access': 0.011, 'tree_density': 0.004, 'employment_rate': 0.28, 'school_quality': 0.33, 'public_transport_access': 0.376}",1675,1507.5,1842.5,"{'public_transport_access': 0.009, 'employment_rate': 0.006, 'broadband_speed': 0.47, 'green_space_area': 0.472, 'air_quality': 0.043}",227075,204367.5,249782.5,"{'air_quality': 0.294, 'employment_rate': 0.215, 'public_transport_access': 0.392, 'crime_rate': 0.059, 'green_space_area': 0.04}",9.7,8.73,10.67,"{'air_quality': 0.387, 'tree_density': 0.109, 'public_transport_access': 0.146, 'school_quality': 0.325, 'median_income': 0.034}",1246,1121.4,1370.6,"{'tree_density': 0.273, 'green_space_area': 0.165, 'employment_rate': 0.214, 'air_quality': 0.318, 'public_transport_access': 0.029}"
E06000016,Leicester,,16,253655,228289.5,279020.5,"{'tree_density': 0.554, 'healthcare_access': 0.008, 'employment_rate': 0.172, 'broadband_speed': 0.089, 'crime_rate': 0.177}",7.8,7.02,8.58,"{'school_quality': 0.108, 'healthcare_access': 0.109, 'green_space_area': 0.035, 'crime_rate': 0.069, 'tree_density': 0.679}",236,212.4,259.6,"{'school_quality': 0.184, 'green_space_area': 0.14, 'median_income': 0.227, 'public_transport_access': 0.335, 'broadband_speed': 0.113}",487663,438896.7,536429.3,"{'employment_rate': 0.519, 'healthcare_access': 0.205, 'broadband_speed': 0.256, 'crime_rate': 0.012, 'public_transport_access': 0.008}",11.7,10.53,12.87,"{'school_quality': 0.24, 'tree_density': 0.065, 'air_quality': 0.088, 'broadband_speed': 0.012, 'public_transport_access': 0.595}",1320,1188.0,1452.0,"{'employment_rate': 0.057, 'school_quality': 0.251, 'public_transport_access': 0.148, 'broadband_speed': 0.418, 'healthcare_access': 0.126}",164549,148094.1,181003.9,"{'air_quality': 0.334, 'crime_rate': 0.089, 'public_transport_access': 0.23, 'tree_density': 0.211, 'employment_rate': 0.137}",6.5,5.85,7.15,"{'median_income': 0.018, 'crime_rate': 0.208, 'tree_density': 0.072, 'green_space_area': 0.511, 'broadband_speed': 0.191}",365,328.5,401.5,"{'crime_rate': 0.017, 'broadband_speed': 0.05, 'school_quality': 0.021, 'public_transport_access': 0.586, 'median_income': 0.327}",345933,311339.7,380526.3,"{'crime_rate': 0.508, 'employment_rate': 0.117, 'public_transport_access': 0.182, 'median_income': 0.124, 'green_space_area': 0.068}",10.4,9.36,11.44,"{'employment_rate': 0.33, 'crime_rate': 0.457, 'tree_density': 0.066, 'school_quality': 0.065, 'healthcare_access': 0.082}",730,657.0,803.0,"{'crime_rate': 0.357, 'public_transport_access': 0.19, 'air_quality': 0.187, 'median_income': 0.015, 'school_quality': 0.251}",297624,267861.6,327386.4,"{'tree_density': 0.197, 'employment_rate': 0.495, 'air_quality': 0.123, 'healthcare_access': 0.098, 'green_space_area': 0.087}",10.0,9.0,11.0,"{'broadband_speed': 0.704, 'school_quality': 0.003, 'air_quality': 0.207, 'healthcare_access': 0.015, 'median_income': 0.07}",330,297.0,363.0,"{'healthcare_access': 0.362, 'school_quality': 0.043, 'median_income': 0.248, 'air_quality': 0.004, 'broadband_speed': 0.343}",164951,148455.9,181446.1,"{'green_space_area': 0.334, 'public_transport_access': 0.28, 'healthcare_access': 0.084, 'air_quality': 0.276, 'school_quality': 0.027}",3.4,3.06,3.74,"{'air_quality': 0.531, 'employment_rate': 0.198, 'crime_rate': 0.134, 'tree_density': 0.036, 'green_space_area': 0.102}",1224,1101.6,1346.4,"{'air_quality': 0.274, 'healthcare_access': 0.3, 'employment_rate': 0.254, 'tree_density': 0.036, 'broadband_speed': 0.135}"
E06000017,Rutland,,17,161183,145064.7,177301.3,"{'green_space_area': 0.217, 'public_transport_access': 0.094, 'broadband_speed': 0.07, 'crime_rate': 0.006, 'employment_rate': 0.614}",9.4,8.46,10.34,"{'crime_rate': 0.214, 'public_transport_access': 0.165, 'air_quality': 0.214, 'green_space_area': 0.129, 'healthcare_access': 0.277}",169,152.1,185.9,"{'school_quality': 0.143, 'air_quality': 0.052, 'green_space_area': 0.576, 'tree_density': 0.01, 'crime_rate': 0.218}",212667,191400.3,233933.7,"{'broadband_speed': 0.044, 'air_quality': 0.716, 'employment_rate': 0.024, 'school_quality': 0.024, 'public_transport_access': 0.193}",11.8,10.62,12.98,"{'median_income': 0.173, 'public_transport_access': 0.39, 'tree_density': 0.047, 'healthcare_access': 0.311, 'broadband_speed': 0.08}",1943,1748.7,2137.3,"{'school_quality': 0.14, 'tree_density': 0.226, 'public_transport_access': 0.096, 'median_income': 0.046, 'broadband_speed': 0.492}",273128,245815.2,300440.8,"{'crime_rate': 0.183, 'healthcare_access': 0.089, 'broadband_speed': 0.113, 'air_quality': 0.608, 'green_space_area': 0.007}",6.6,5.94,7.26,"{'school_quality': 0.369, 'green_space_area': 0.235, 'healthcare_access': 0.104, 'public_transport_access': 0.031, 'employment_rate': 0.262}",1428,1285.2,1570.8,"{'median_income': 0.027, 'healthcare_access': 0.128, 'crime_rate': 0.138, 'tree_density': 0.261, 'broadband_speed': 0.447}",152181,136962.9,167399.1,"{'school_quality': 0.234, 'public_transport_access': 0.077, 'green_space_area': 0.293, 'tree_density': 0.32, 'healthcare_access': 0.075}",11.6,10.44,12.76,"{'public_transport_access': 0.064, 'healthcare_access': 0.027, 'median_income': 0.147, 'tree_density': 0.426, 'broadband_speed': 0.337}",372,334.8,409.2,"{'healthcare_access': 0.236, 'school_quality': 0.08, 'employment_rate': 0.091, 'tree_density': 0.001, 'broadband_speed': 0.592}",290726,261653.4,319798.6,"{'tree_density': 0.558, 'air_quality': 0.021, 'school_quality': 0.18, 'green_space_area': 0.144, 'public_transport_access': 0.097}",5.7,5.13,6.27,"{'air_quality': 0.129, 'broadband_speed': 0.666, 'median_income': 0.025, 'healthcare_access': 0.015, 'green_space_area': 0.164}",1401,1260.9,1541.1,"{'air_quality': 0.286, 'median_income': 0.085, 'school_quality': 0.27, 'public_transport_access': 0.338, 'broadband_speed': 0.021}",245677,221109.3,270244.7,"{'public_transport_access': 0.33, 'school_quality': 0.098, 'crime_rate': 0.25, 'broadband_speed': 0.194, 'tree_density': 0.128}",7.3,6.57,8.03,"{'broadband_speed': 0.119, 'school_quality': 0.272, 'public_transport_access': 0.017, 'crime_rate': 0.217, 'tree_density': 0.375}",1491,1341.9,1640.1,"{'broadband_speed': 0.278, 'employment_rate': 0.219, 'air_quality': 0.023, 'public_transport_access': 0.373, 'tree_density': 0.107}"
E06000018,Nottingham,,18,473520,426168.0,520872.0,"{'crime_rate': 0.208, 'employment_rate': 0.125, 'public_transport_access': 0.077, 'school_quality': 0.408, 'median_income': 0.183}",4.4,3.96,4.84,"{'public_transport_access': 0.075, 'healthcare_access': 0.068, 'school_quality': 0.165, 'green_space_area': 0.426, 'broadband_speed': 0.266}",118,106.2,129.8,"{'crime_rate': 0.342, 'air_quality': 0.2, 'healthcare_access': 0.378, 'green_space_area': 0.019, 'employment_rate': 0.061}",259563,233606.7,285519.3,"{'median_income': 0.015, 'broadband_speed': 0.316, 'green_space_area': 0.229, 'school_quality': 0.241, 'crime_rate': 0.199}",6.0,5.4,6.6,"{'school_quality': 0.815, 'tree_density': 0.017, 'healthcare_access': 0.001, 'broadband_speed': 0.154, 'air_quality': 0.013}",1612,1450.8,1773.2,"{'broadband_speed': 0.356, 'public_transport_access': 0.442, 'school_quality': 0.113, 'green_space_area': 0.048, 'air_quality': 0.042}",205200,184680.0,225720.0,"{'employment_rate': 0.062, 'public_transport_access': 0.182, 'crime_rate': 0.19, 'broadband_speed': 0.26, 'tree_density': 0.305}",3.4,3.06,3.74,"{'green_space_area': 0.234, 'school_quality': 0.186, 'crime_rate': 0.202, 'air_quality': 0.347, 'broadband_speed': 0.03}",473,425.7,520.3,"{'healthcare_access': 0.434, 'median_income': 0.287, 'public_transport_access': 0.033, 'green_space_area': 0.167, 'employment_rate': 0.08}",299092,269182.8,329001.2,"{'employment_rate': 0.148, 'median_income': 0.03, 'public_transport_access': 0.326, 'broadband_speed': 0.029, 'healthcare_access': 0.467}",4.4,3.96,4.84,"{'crime_rate': 0.321, 'healthcare_access': 0.032, 'air_quality': 0.354, 'broadband_speed': 0.226, 'employment_rate': 0.067}",1890,1701.0,2079.0,"{'crime_rate': 0.121, 'public_transport_access': 0.143, 'green_space_area': 0.045, 'employment_rate': 0.391, 'school_quality': 0.299}",298651,268785.9,328516.1,"{'green_space_area': 0.36, 'employment_rate': 0.065, 'crime_rate': 0.117, 'median_income': 0.215, 'public_transport_access': 0.244}",4.9,4.41,5.39,"{'public_transport_access': 0.163, 'green_space_area': 0.046, 'median_income': 0.157, 'employment_rate': 0.362, 'healthcare_access': 0.273}",142,127.8,156.2,"{'air_quality': 0.059, 'employment_rate': 0.115, 'tree_density': 0.314, 'broadband_speed': 0.077, 'school_quality': 0.435}",480150,432135.0,528165.0,"{'green_space_area': 0.023, 'employment_rate': 0.439, 'school_quality': 0.056, 'healthcare_access': 0.288, 'crime_rate': 0.194}",3.4,3.06,3.74,"{'employment_rate': 0.003, 'median_income': 0.086, 'tree_density': 0.262, 'crime_rate': 0.377, 'air_quality': 0.272}",321,288.9,353.1,"{'broadband_speed': 0.159, 'public_transport_access': 0.077, 'healthcare_access': 0.093, 'green_space_area': 0.633, 'employment_rate': 0.037}"
E06000019,"Herefordshire, County of",,19,155359,139823.1,170894.9,"{'green_space_area': 0.525, 'employment_rate': 0.052, 'crime_rate': 0.034, 'air_quality': 0.345, 'broadband_speed': 0.044}",6.2,5.58,6.82,"{'employment_rate': 0.085, 'school_quality': 0.073, 'green_space_area': 0.41, 'broadband_speed': 0.237, 'public_transport_access': 0.195}",974,876.6,1071.4,"{'median_income': 0.077, 'broadband_speed': 0.59, 'public_transport_access': 0.093, 'healthcare_access': 0.17, 'school_quality': 0.071}",252711,227439.9,277982.1,"{'employment_rate': 0.224, 'crime_rate': 0.372, 'school_quality': 0.145, 'air_quality': 0.068, 'green_space_area': 0.19}",3.5,3.15,3.85,"{'school_quality': 0.191, 'healthcare_access': 0.454, 'broadband_speed': 0.001, 'crime_rate': 0.097, 'tree_density': 0.258}",1620,1458.0,1782.0,"{'employment_rate': 0.408, 'broadband_speed': 0.069, 'green_space_area': 0.054, 'air_quality': 0.291, 'school_quality': 0.179}",359163,323246.7,395079.3,"{'tree_density': 0.062, 'public_transport_access': 0.218, 'median_income': 0.174, 'school_quality': 0.3, 'green_space_area': 0.245}",3.8,3.42,4.18,"{'green_space_area': 0.295, 'crime_rate': 0.055, 'school_quality': 0.154, 'healthcare_access': 0.032, 'broadband_speed': 0.464}",1688,1519.2,1856.8,"{'green_space_area': 0.411, 'school_quality': 0.033, 'median_income': 0.251, 'public_transport_access': 0.19, 'broadband_speed': 0.116}",152038,136834.2,167241.8,"{'tree_density': 0.177, 'employment_rate': 0.22, 'green_space_area': 0.349, 'air_quality': 0.154, 'broadband_speed': 0.101}",5.1,4.59,5.61,"{'employment_rate': 0.105, 'green_space_area': 0.744, 'broadband_speed': 0.005, 'median_income': 0.127, 'school_quality': 0.019}",600,540.0,660.0,"{'school_quality': 0.014, 'green_space_area': 0.286, 'crime_rate': 0.053, 'employment_rate': 0.15, 'air_quality': 0.497}",426231,383607.9,468854.1,"{'broadband_speed': 0.157, 'public_transport_access': 0.062, 'healthcare_access': 0.131, 'green_space_area': 0.05, 'tree_density': 0.599}",10.5,9.45,11.55,"{'crime_rate': 0.318, 'median_income': 0.054, 'employment_rate': 0.436, 'school_quality': 0.172, 'broadband_speed': 0.02}",907,816.3,997.7,"{'tree_density': 0.048, 'public_transport_access': 0.71, 'median_income': 0.07, 'air_quality': 0.053, 'school_quality': 0.119}",189987,170988.3,208985.7,"{'air_quality': 0.296, 'median_income': 0.051, 'employment_rate': 0.12, 'tree_density': 0.42, 'school_quality': 0.113}",3.3,2.97,3.63,"{'median_income': 0.13, 'crime_rate': 0.231, 'green_space_area': 0.342, 'employment_rate': 0.185, 'healthcare_access': 0.112}",851,765.9,936.1,"{'median_income': 0.099, 'employment_rate': 0.196, 'tree_density': 0.067, 'green_space_area': 0.133, 'air_quality': 0.506}"
E06000020,Telford and Wrekin,,20,422393,380153.7,464632.3,"{'green_space_area': 0.122, 'broadband_speed': 0.03, 'school_quality': 0.762, 'air_quality': 0.037, 'public_transport_access': 0.049}",8.2,7.38,9.02,"{'tree_density': 0.488, 'air_quality': 0.048, 'healthcare_access': 0.008, 'public_transport_access': 0.398, 'employment_rate': 0.058}",1453,1307.7,1598.3,"{'median_income': 0.27, 'green_space_area': 0.012, 'tree_density': 0.332, 'broadband_speed': 0.092, 'air_quality': 0.293}",253097,227787.3,278406.7,"{'school_quality': 0.019, 'employment_rate': 0.012, 'healthcare_access': 0.513, 'public_transport_access': 0.163, 'broadband_speed': 0.293}",8.7,7.83,9.57,"{'school_quality': 0.316, 'air_quality': 0.441, 'green_space_area': 0.17, 'broadband_speed': 0.054, 'employment_rate': 0.018}",1385,1246.5,1523.5,"{'crime_rate': 0.072, 'broadband_speed': 0.287, 'employment_rate': 0.336, 'green_space_area': 0.18, 'healthcare_access': 0.125}",483811,435429.9,532192.1,"{'crime_rate': 0.098, 'public_transport_access': 0.158, 'broadband_speed': 0.234, 'median_income': 0.444, 'employment_rate': 0.065}",9.8,8.82,10.78,"{'public_transport_access': 0.328, 'school_quality': 0.14, 'broadband_speed': 0.08, 'crime_rate': 0.309, 'tree_density': 0.143}",1062,955.8,1168.2,"{'air_quality': 0.06, 'crime_rate': 0.289, 'employment_rate': 0.285, 'median_income': 0.245, 'school_quality': 0.12}",166016,149414.4,182617.6,"{'broadband_speed': 0.056, 'school_quality': 0.267, 'crime_rate': 0.372, 'green_space_area': 0.06, 'employment_rate': 0.245}",4.3,3.87,4.73,"{'tree_density': 0.415, 'green_space_area': 0.067, 'air_quality': 0.31, 'broadband_speed': 0.177, 'median_income': 0.031}",1657,1491.3,1822.7,"{'healthcare_access': 0.542, 'broadband_speed': 0.027, 'air_quality': 0.13, 'school_quality': 0.237, 'green_space_area': 0.064}",279629,251666.1,307591.9,"{'employment_rate': 0.315, 'school_quality': 0.101, 'median_income': 0.117, 'air_quality': 0.086, 'broadband_speed': 0.381}",4.0,3.6,4.4,"{'public_transport_access': 0.048, 'employment_rate': 0.306, 'healthcare_access': 0.131, 'air_quality': 0.028, 'crime_rate': 0.487}",1288,1159.2,1416.8,"{'broadband_speed': 0.023, 'green_space_area': 0.439, 'public_transport_access': 0.211, 'air_quality': 0.209, 'crime_rate': 0.118}",332086,298877.4,365294.6,"{'crime_rate': 0.461, 'school_quality': 0.253, 'broadband_speed': 0.003, 'public_transport_access': 0.034, 'tree_density': 0.249}",5.9,5.31,6.49,"{'green_space_area': 0.616, 'healthcare_access': 0.172, 'school_quality': 0.139, 'median_income': 0.054, 'air_quality': 0.02}",1536,1382.4,1689.6,"{'school_quality': 0.151, 'healthcare_access': 0.189, 'tree_density': 0.047, 'median_income': 0.587, 'public_transport_access': 0.026}"
